<?xml version="1.0" encoding="UTF-8" standalone="yes"?>
<addon id="plugin.video.pulsewankathon" name="[COLOR blue]Pulse[/COLOR] [COLOR red]Wankathon[/COLOR]" version="1.0.0" provider-name="Wank Master">
    <requires>
    </requires>
    <extension point="xbmc.python.pluginsource"
               library="default.py">
        <provides>video</provides>
    </extension>
    <extension point="xbmc.addon.metadata">
        <summary></summary>
        <description></description>
		<disclaimer></disclaimer>	
		<platform>all</platform>
		<license>http://www.gnu.org/licenses/</license>
		<forum></forum>
		<website></website>    
		<email></email>
		<source></source> 		
    </extension>
</addon>
