<?xml version="1.0" encoding="UTF-8" standalone="yes"?>
<addon id="script.module.adultresolver" name="Adult Resolver" version="1.00.001" provider-name="Xibalba, Cosmix">
	<requires>
		<import addon="xbmc.python" version="2.1.0" />
	</requires>
	<extension point="xbmc.python.module" library="lib" />
	<extension point="xbmc.addon.metadata">
		<platform>all</platform>
		<summary lang="en">Resolve adult adult video host URL's to be playable in XBMC/Kodi.</summary>
		<description lang="en">Resolve adult video host URL's to be playable in XBMC/Kodi.</description>
	</extension>
</addon>
