<?xml version="1.0" encoding="UTF-8" standalone="yes"?>
<addon id="plugin.video.eroticshark" name="Erotic Shark" version="1.7.1" provider-name="Murdock">
	<requires>
		<import addon="xbmc.python" version="2.1.0"/>
	</requires>
	<extension point="xbmc.python.pluginsource" library="addon.py">
		<provides>video</provides>
	</extension>
	<extension point="xbmc.addon.metadata">
		<platform>all</platform>
		<summary lang="en">Erotic Shark Video Addon</summary>
		<description lang="en">Erotic Shark is a very new adult addon for XBMC and Kodi. You can watch all content from the cream of adult sites on the web with ease. Supported: AlphaPorno, BeFuck, CrocoTube, DrTuber, Eporner, Faapy, Heavy-r, Hotshame, MadThumBS, NakedTube, Pinkrod, PornDoe, Pornhub, PorniCom, PornoID, PornWORMS, RedTube, Tube8, TubeWolf, xHamster, XVideos, Wankoz. Download any video. </description>
	</extension>
</addon>