<?xml version="1.0" encoding="UTF-8" standalone="yes"?>
<addon id="plugin.video.Vortex"
       name="[COLOR red]Vortex[/COLOR]"
       version="2.1.1"
       provider-name="Rockcrusher">
  <requires>
    <import addon="xbmc.python" version="2.1.0"/>
	<import addon="script.module.requests" version="2.12.4"/>
	<import addon="plugin.video.youtube" optional="true" />
  </requires>
  <extension point="xbmc.python.pluginsource"
			library="default.py">
			<provides>video</provides>
  </extension>
  <extension point="xbmc.addon.metadata">
    <summary lang="en">Music and Video</summary>
    <description lang="en">Music and Video Playlists.</description>
    <language>en</language>
	<platform>all</platform>
  </extension>
</addon>
